disease,description
Abscess,"An abscess is a collection of pus that has built up within the tissue of the body, usually caused by bacterial infection. Signs and symptoms of abscesses include redness, pain, warmth, and swelling."
Acquired Capillary Haemangioma of Eyelid,No summary available.
Acquired Immuno Deficiency Syndrome,No summary available.
Acute encephalitis syndrome,"Encephalitis is inflammation of the brain. The severity can be variable with symptoms including reduction or alteration in consciousness, aphasia, headache, fever, confusion, a stiff neck, and vomiting."
Adult Inclusion Conjunctivitis,No summary available.
Alcohol Abuse and Alcoholism,No summary available.
Alopecia (hair loss),No summary available.
Alzheimer,Alzheimer's disease (AD) is a neurodegenerative disease that usually starts slowly and progressively worsens. It is the cause of 60–70% of cases of dementia.
Amaurosis Fugax,No summary available.
Amblyopia,"Amblyopia, also called lazy eye, is a disorder of sight in which the brain fails to fully process input from one eye and over time favors the other eye. It results in decreased vision in an eye that typically appears normal in other aspects."
Amoebiasis,"Amoebiasis, or amoebic dysentery, is an infection of the intestines caused by a parasitic amoeba Entamoeba histolytica. Amoebiasis can be present with no, mild, or severe symptoms."
Anaemia,"Anemia (also spelled anaemia in  British English) is a blood disorder in which the blood has a reduced ability to carry oxygen. This can be due to a lower than normal number of red blood cells, a reduction in the amount of hemoglobin available for oxygen transport, or abnormalities in hemoglobin that impair its function."
Aniseikonia,"Aniseikonia is an ocular condition where there is a significant difference in the perceived size of images. It can occur as an overall difference between the two eyes, or as a difference in a particular meridian."
Anisometropia,"Anisometropia is a condition in which a person's eyes have substantially differing refractive power. Generally, a difference in power of one diopter (1D) is the threshold for diagnosis of the condition."
Antepartum hemorrhage (Bleeding in late pregnancy),No summary available.
Anthrax,"Anthrax is an infection caused by the bacterium Bacillus anthracis or Bacillus cereus biovar anthracis. Infection typically occurs by contact with the skin, inhalation, or intestinal absorption."
Anxiety,"Anxiety is an emotion characterised by an unpleasant state of inner turmoil and includes feelings of dread over anticipated events. Anxiety is different from fear in that fear is defined as the emotional response to a present threat, whereas anxiety is the anticipation of a future one."
Appendicitis,"Appendicitis is inflammation of the appendix. Symptoms commonly include right lower abdominal pain, nausea, vomiting, fever and decreased appetite."
Arthritis,Arthritis is a general medical term used to describe a disorder that affects joints. Symptoms generally include joint pain and stiffness.
Asbestos-related diseases,"Asbestos-related diseases are disorders of the lung and pleura caused by the inhalation of asbestos fibres. Asbestos-related diseases include non-malignant disorders such as asbestosis (pulmonary fibrosis due to asbestos), diffuse pleural thickening, pleural plaques, pleural effusion, rounded atelectasis and malignancies such as lung cancer and malignant mesothelioma."
Aseptic meningitis,"Aseptic meningitis is the inflammation of the meninges, a membrane covering the brain and spinal cord, in patients whose cerebral spinal fluid test result is negative with routine bacterial cultures.  Aseptic meningitis is caused by viruses, mycobacteria, spirochetes, fungi, medications, and cancer malignancies."
Asthma,"Asthma is a common long-term inflammatory disease of the airways of the lungs. It is characterized by variable and recurring symptoms, reversible airflow obstruction, and easily triggered bronchospasms."
Astigmatism,Astigmatism is a type of refractive error due to rotational asymmetry in the eye's refractive power.  This results in distorted or blurred vision at any distance.
Atrophy,"Atrophy is the partial or complete wasting away of a part of the body. Causes of atrophy include mutations (which can destroy the gene to build up the organ), poor nourishment, poor circulation, loss of hormonal support, loss of nerve supply to the target organ, excessive amount of apoptosis of cells, and disuse or lack of exercise or disease intrinsic to the tissue itself."
Autism,"Autism spectrum disorder (ASD), or simply autism, is a neurodevelopmental disorder characterized by repetitive, restricted, and inflexible patterns of behavior, interests, and activities, as well as difficulties in social interaction and social communication. Sensory processing differences can produce difficulties in different areas, such as developing social relationships or performing instrumental activities of daily living."
Bad Breath (Halitosis),No summary available.
Bell's Palsy,"Bell's palsy is a type of facial paralysis that results in a temporary inability to control the facial muscles on the affected side of the face. In most cases, the weakness is temporary and significantly improves over weeks."
Beriberi,Thiamine deficiency is a medical condition of low levels of thiamine (vitamin B1). A severe and chronic form is known as beriberi.
Black Death,"The Black Death was a bubonic plague pandemic that occurred in Europe from 1346 to 1353. It was one of the most fatal pandemics in human history; as many as 50 million people perished, perhaps 50% of Europe's 14th century population."
Bleeding Gums,No summary available.
Blindness,"Visual or vision impairment (VI or VIP) is the partial or total inability of visual perception. In the absence of treatment such as corrective eyewear, assistive devices, and medical treatment, visual impairment may cause the individual difficulties with normal daily tasks, including reading and walking."
Botulism,"Botulism is a rare and potentially fatal illness caused by botulinum toxin, which is produced by the bacterium Clostridium botulinum. The disease begins with weakness, blurred vision, feeling tired, and trouble speaking."
Brain Tumour,"A brain tumor (sometimes referred more commonly as brain cancer) occurs when a group of cells within the brain turn cancerous and grow out of control, creating a mass. There are two main types of tumors: malignant (cancerous) tumors and benign (non-cancerous) tumors."
Breast Cancer / Carcinoma,No summary available.
Bronchitis,"Bronchitis is inflammation of the bronchi (large and medium-sized airways) in the lungs that causes coughing. Bronchitis usually begins as an infection in the nose, ears, throat, or sinuses."
Brucellosis,"Brucellosis is a zoonosis spread primarily via ingestion of unpasteurized milk from infected animals. It is also known as undulant fever, Malta fever, and Mediterranean fever."
Bubonic plague,"Bubonic plague is one of three types of plague caused by the bacterium Yersinia pestis. One to seven days after exposure to the bacteria, flu-like symptoms develop."
Bunion,"A bunion, also known as hallux valgus, is a deformity of the MTP joint connecting the big toe to the foot. The big toe often bends towards the other toes and the joint becomes red and painful."
Burns,No summary available.
Calculi,No summary available.
Campylobacter infection,"Campylobacteriosis is among the most common infections caused by a bacterium in humans, often as a foodborne illness. It is caused by the Campylobacter bacterium, most commonly C. jejuni."
Cancer,"Cancer is a group of diseases involving abnormal cell growth with the potential to invade or spread to other parts of the body. These contrast with benign tumors, which do not spread."
Candidiasis,"Candidiasis is a fungal infection due to any species of the genus Candida (a yeast). When it affects the mouth, in some countries it is commonly called thrush."
Carbon monoxide poisoning,"Carbon monoxide poisoning typically occurs from breathing in carbon monoxide (CO) at excessive levels. Symptoms are often described as ""flu-like"" and commonly include headache, dizziness, weakness, vomiting, chest pain, and confusion."
Carpal Tunnel Syndrome,"Carpal tunnel syndrome (CTS) is a nerve compression syndrome associated with the collected signs and symptoms of compression  of the median nerve at the carpal tunnel in the wrist. Carpal tunnel syndrome usually has no known cause, but there are environmental and medical risk factors associated with the condition."
Cavities,No summary available.
Celiacs disease,No summary available.
Cerebral palsy,"Cerebral palsy (CP) is a group of movement disorders that appear in early childhood. Signs and symptoms vary among people and over time, but include poor coordination, stiff muscles, weak muscles, and tremors."
Chagas disease,"Chagas disease, also known as American trypanosomiasis, is a tropical parasitic disease caused by Trypanosoma cruzi. It is spread mostly by insects in the subfamily Triatominae, known as ""kissing bugs""."
Chalazion,"A chalazion (; plural chalazia or chalazions) or meibomian cyst is not a cyst but a granuloma in the eyelid that results from a blocked meibomian gland. It typically occurs in the middle of the eyelid, red, and not painful."
Chickenpox,"Chickenpox, also known as varicella ( VER-ə-SEL-ə), is a highly contagious disease caused by varicella zoster virus (VZV), a member of the herpesvirus family. The disease results in a characteristic skin rash that forms small, itchy blisters, which eventually scab over."
Chikungunya Fever,No summary available.
Childhood Exotropia,No summary available.
Chlamydia,"Chlamydia, or more specifically a chlamydia infection, is a sexually transmitted infection caused by the bacterium Chlamydia trachomatis. Most people who are infected have no symptoms."
Cholera,"Cholera () is an infection of the small intestine by some strains of the bacterium Vibrio cholerae. Symptoms may range from none, to mild, to severe."
Chorea,"Chorea, or (rarely) choreia, () is an abnormal involuntary movement disorder, characterized by quick movements of the hands or feet. It is one of a group of neurological disorders called dyskinesias."
Chronic fatigue syndrome,"Myalgic encephalomyelitis/chronic fatigue syndrome (ME/CFS) is a disabling chronic illness. People with ME/CFS experience profound fatigue that does not go away with rest, as well as sleep issues and problems with memory or concentration."
Chronic obstructive pulmonary disease (COPD),No summary available.
Cleft Lip and Cleft Palate,No summary available.
Colitis,Colitis is swelling or inflammation of the large intestine (colon). Colitis may be acute and self-limited or long-term.
Colorectal Cancer,"Colorectal cancer (CRC), also known as bowel cancer, colon cancer, or rectal cancer, is the development of cancer from the colon or rectum (parts of the large intestine). Signs and symptoms may include blood in the stool, a change in bowel movements, weight loss, abdominal pain and fatigue."
Common cold,"The common cold, or the cold, is a viral infectious disease of the upper respiratory tract that primarily affects the respiratory mucosa of the nose, throat, sinuses, and larynx. Signs and symptoms may appear in as little as two days after exposure to the virus."
Condyloma,No summary available.
Congenital anomalies (birth defects),No summary available.
Congestive heart disease,"Heart failure (HF), also known as congestive heart failure (CHF), is a syndrome caused by an impairment in the heart's ability to fill with and pump blood.
Although symptoms vary based on which side of the heart is affected, HF typically presents with shortness of breath, excessive fatigue, and bilateral leg swelling."
Corneal Abrasion,No summary available.
Coronary Heart Disease,"Coronary artery disease (CAD), also called coronary heart disease (CHD), or ischemic heart disease (IHD), is a type of heart disease involving the reduction of blood flow to the cardiac muscle due to a build-up of atheromatous plaque in the arteries of the heart. It is the most common of the cardiovascular diseases."
Coronavirus disease 2019 (COVID-19),"Coronavirus disease 2019 (COVID-19, also known as SARS-2) is a contagious disease caused by the coronavirus SARS-CoV-2. In January 2020, the disease spread worldwide, resulting in the COVID-19 pandemic."
Cough,"A cough is a sudden expulsion of air through the large breathing passages which can help clear them of fluids, irritants, foreign particles and microbes. As a protective reflex, coughing can be repetitive with the cough reflex following three phases: an inhalation, a forced exhalation against a closed glottis, and a violent release of air from the lungs following opening of the glottis, usually accompanied by a distinctive sound."
Crimean Congo haemorrhagic fever (CCHF),No summary available.
Dehydration,"In physiology, dehydration is a lack of total body water that disrupts metabolic processes. It occurs when free water loss exceeds intake, often resulting from excessive sweating, health conditions, or inadequate consumption of water."
Dementia,"Dementia is a syndrome associated with many neurodegenerative diseases, characterized by a general decline in cognitive abilities that affects a person's ability to perform everyday activities. This typically involves problems with memory, thinking, behavior, and motor control."
Dengue,"Dengue fever is a mosquito-borne disease caused by dengue virus, prevalent in tropical and subtropical areas. Asymptomatic infections are uncommon, mild cases happen frequently; if symptoms appear, they typically begin 3 to 14 days after infection."
Diabetes Mellitus,"Diabetes, also known as diabetes  mellitus, is a group of common endocrine diseases characterized by sustained high blood sugar levels. Diabetes is due to either the pancreas not producing enough of the hormone insulin, or the cells of the body becoming unresponsive to insulin's effects."
Diabetic Retinopathy,No summary available.
Diarrhea,"Diarrhea (American English), also spelled diarrhoea or diarrhœa (British English), is the condition of having at least three loose, liquid, or watery bowel movements in a day. It often lasts for a few days and can result in dehydration due to fluid loss."
Diphtheria,"Diphtheria is an infection caused by the bacterium Corynebacterium diphtheriae. Most infections are asymptomatic or have a mild clinical course, but in some outbreaks, the mortality rate approaches 10%."
Down's Syndrome,"Down syndrome or Down's syndrome, also known as trisomy 21, is a genetic disorder caused by the presence of all or part of a third copy of chromosome 21. It is usually associated with developmental delays, mild to moderate intellectual disability, and characteristic physical features."
Dracunculiasis (guinea-worm disease),No summary available.
Dysentery,"Dysentery (UK:  DISS-ən-tər-ee, US:  DISS-ən-terr-ee), historically known as the bloody flux, is a type of gastroenteritis that results in bloody diarrhea. Other symptoms may include fever, abdominal pain, and a feeling of incomplete defecation."
Ear infection,"Otitis is a general term for inflammation in ear or ear infection, inner ear infection, middle ear infection of the ear, in both humans and other animals. When infection is present, it may be viral or bacterial."
Early pregnancy loss,"Early pregnancy loss is a medical term that when referring to humans can variously be used to mean:

Death of an embryo or fetus during the first trimester. This can happen by implantation failure, miscarriage, embryo resorption, early fetal resorption or vanishing twin syndrome."
Ebola,"Ebola, also known as Ebola virus disease (EVD) and Ebola hemorrhagic fever (EHF), is a viral hemorrhagic fever in humans and other primates, caused by ebolaviruses. Symptoms typically start anywhere between two days and three weeks after infection."
Eclampsia,"Eclampsia is the onset of seizures (convulsions) in a pregnant woman with pre-eclampsia. Pre-eclampsia is a hypertensive disorder of pregnancy that presents with three main features: new onset of high blood pressure, large amounts of protein in the urine or other organ dysfunction, and edema."
Ectopic pregnancy,"Ectopic pregnancy is a complication of pregnancy in which the embryo attaches outside the uterus. Signs and symptoms classically include abdominal pain and vaginal bleeding, but fewer than 50 percent of affected women have both of these symptoms."
Eczema,"Dermatitis  is a term used for different types of skin inflammation, typically characterized by itchiness, redness and a rash. In cases of short duration, there may be small blisters, while in long-term cases the skin may become thickened."
Endometriosis,"Endometriosis is a disease in which cells like those in the endometrium, the layer of tissue that normally covers the inside of the uterus, grow outside the uterus. It occurs in humans and a limited number of other menstruating mammals."
Epilepsy,"Epilepsy is a group of non-communicable neurological disorders characterized by recurrent epileptic seizures. An epileptic seizure is the clinical manifestation of an abnormal, excessive, and synchronized electrical discharge in the neurons."
Fibroids,No summary available.
Fibromyalgia,"Fibromyalgia (FM) is a functional somatic medical syndrome with symptoms of chronic widespread pain, accompanied by fatigue, sleep disturbance including awakening unrefreshed, and cognitive symptoms. Other symptoms can include headaches, lower abdominal pain or cramps, and depression."
Food Poisoning,"Foodborne illness (also known as foodborne disease and food poisoning) is any illness resulting from the contamination of food by pathogenic bacteria, viruses, or parasites, as well as prions (the agents of mad cow disease), and toxins such as aflatoxins in peanuts, poisonous mushrooms, and various species of beans that have not been boiled for at least 10 minutes. While contaminants directly cause some symptoms, many effects of foodborne illness result from the body's immune response to these agents, which can vary significantly between individuals and populations based on prior exposure."
Frost Bite,No summary available.
GERD,"Gastroesophageal reflux disease (GERD) or gastro-oesophageal reflux disease (GORD)  is a chronic upper gastrointestinal disease in which stomach content persistently and regularly flows up into the esophagus, resulting in symptoms and/or complications. Symptoms include dental corrosion, dysphagia, heartburn, odynophagia, regurgitation, non-cardiac chest pain, extraesophageal symptoms such as chronic cough, hoarseness, reflux-induced laryngitis, or asthma."
Gaming disorder,"Video game addiction (VGA), also known as  gaming disorder or internet gaming disorder, is generally defined as a psychological addiction that is problematic, compulsive use of video games that results in significant impairment to an individual's ability to function in various life domains over a prolonged period of time. This and associated concepts have been the subject of considerable research, debate, and discussion among experts in several disciplines and has generated controversy within the medical, scientific, and gaming communities."
Gangrene,Gangrene is a type of tissue death caused by a lack of blood supply. The feet and hands are most commonly affected.
Gastroenteritis,"Gastroenteritis, also known as infectious diarrhea, is an inflammation of the gastrointestinal tract including the stomach and intestine. Symptoms may include diarrhea, vomiting, and abdominal pain."
Genital herpes,Genital herpes is a herpes infection of the genitals caused by the herpes simplex virus (HSV). Most people either have no or mild symptoms and thus do not know they are infected.
Glaucoma,Glaucoma is a group of eye diseases that can lead to damage of the optic nerve. The optic nerve transmits visual information from the eye to the brain.
Goitre,"A goitre (British English), or goiter (American English), is a swelling in the neck resulting from an enlarged thyroid gland. A goitre can be associated with a thyroid that is not functioning properly."
Gonorrhea,"Gonorrhoea or gonorrhea, colloquially known as the clap, is a sexually transmitted infection (STI) caused by the bacterium Neisseria gonorrhoeae. Infection may involve the genitals, mouth, or rectum."
Guillain-Barré syndrome,"Guillain–Barré syndrome (GBS) is a rapid-onset muscle weakness caused by the immune system damaging the peripheral nervous system. Typically, both sides of the body are involved, and the initial symptoms are changes in sensation or pain often in the back along with muscle weakness, beginning in the feet and hands, often spreading to the arms and upper body."
Haemophilia,"Haemophilia (British English), or hemophilia (American English) (from Ancient Greek  αἷμα (haîma) 'blood' and  φιλία (philía) 'love of'), is a mostly inherited genetic disorder that impairs the body's ability to make blood clots, a process needed to stop bleeding. This results in people bleeding for a longer time after an injury, easy bruising, and an increased risk of bleeding inside joints or the brain."
"Hand, Foot and Mouth Disease","Hand, foot, and mouth disease (HFMD) is a common infection caused by a group of enteroviruses. It typically begins with a fever and feeling generally unwell."
Heat-Related Illnesses and Heat waves,No summary available.
Hepatitis,"Hepatitis is inflammation of the liver tissue. Some people or animals with hepatitis have no symptoms, whereas others develop yellow discoloration of the skin and whites of the eyes (jaundice), poor appetite, vomiting, tiredness, abdominal pain, and diarrhea."
Hepatitis A,"Hepatitis A is an infectious disease of the liver caused by Hepatitis A virus (HAV); it is a type of viral hepatitis. Many cases have few or no symptoms, especially in the young."
Hepatitis B,Hepatitis B is an infectious disease caused by the hepatitis B virus (HBV) that affects the liver; it is a type of viral hepatitis. It can cause both acute and chronic infection.
Hepatitis C,"Hepatitis C is an infectious disease caused by the hepatitis C virus (HCV) that primarily affects the liver; it is a type of viral hepatitis. During the initial infection period, people often have mild or no symptoms."
Hepatitis D,"Hepatitis D is a type of viral hepatitis caused by the hepatitis delta virus (HDV). HDV is one of five known hepatitis viruses: A, B, C, D, and E. HDV is considered to be a satellite (a type of subviral agent) because it can propagate only in the presence of the hepatitis B virus (HBV)."
Hepatitis E,"Hepatitis E is inflammation of the liver caused by infection with the hepatitis E virus (HEV); it is a type of viral hepatitis. Hepatitis E has mainly a fecal-oral transmission route that is similar to hepatitis A, although the viruses are unrelated."
Herpes Simplex,"Herpes simplex, often known simply as herpes, is a viral infection caused by the herpes simplex virus. Herpes infections are categorized by the area of the body that is infected."
High risk pregnancy,"A high-risk pregnancy is a pregnancy where the gestational carrier or the fetus has an increased risk of adverse outcomes compared to uncomplicated pregnancies. No concrete guidelines currently exist for distinguishing “high-risk” pregnancies from “low-risk” pregnancies; however, there are certain studied conditions that have been shown to put the gestational carrier or fetus at a higher risk of poor outcomes."
Human papillomavirus,Human papillomavirus infection (HPV infection) is caused by a DNA virus from the Papillomaviridae family. Many HPV infections cause no symptoms and 90% resolve spontaneously within two years.
Hypermetropia,"Far-sightedness, also known as long-sightedness, hypermetropia, and hyperopia, is a condition of the eye where distant objects are seen clearly but near objects appear blurred. This blur is due to incoming light being focused behind, instead of on, the retina due to insufficient accommodation by the lens."
Hyperthyroidism,Hyperthyroidism is a endocrine disease in which the thyroid gland produces excessive amounts of thyroid hormones. Thyrotoxicosis is a condition that occurs due to elevated levels of thyroid hormones of any cause and therefore includes hyperthyroidism.
Hypothyroid,"Hypothyroidism is a endocrine disease in which the thyroid gland does not produce enough thyroid hormones. It can cause a number of symptoms, such as poor ability to tolerate cold, extreme fatigue, muscle aches, constipation, slow heart rate,  depression, and weight gain."
Hypotonia,"Hypotonia is a state of low muscle tone (the amount of tension or resistance to stretch in a muscle), often involving reduced muscle strength. Hypotonia is not a specific medical disorder, but it is a potential manifestation of many different diseases and disorders that affect motor nerve control by the brain or muscle strength."
Impetigo,"Impetigo is a contagious bacterial infection that involves the superficial skin. The most common presentation is yellowish crusts on the face, arms, or legs."
Inflammatory Bowel Disease,"Inflammatory bowel disease (IBD) is a group of inflammatory conditions of the colon and small intestine, with Crohn's disease and Ulcerative colitis (UC) being the principal types. Crohn's disease affects the small intestine and large intestine, as well as the mouth, esophagus, stomach and the anus, whereas UC primarily affects the colon and the rectum."
Influenza,"Influenza, commonly known as the flu, is an infectious disease caused by influenza viruses. Symptoms range from mild to severe and often include fever, runny nose, sore throat, muscle pain, headache, coughing, and fatigue."
Insomnia,"Insomnia, also known as sleeplessness, is a sleep disorder where people have difficulty sleeping. They may have difficulty falling asleep, or staying asleep for as long as desired."
Interstitial cystitis,"Interstitial cystitis (IC), a type of bladder pain syndrome (BPS), is chronic pain in the bladder and pelvic floor of unknown cause. Symptoms include feeling the need to urinate right away, needing to urinate often, and pain with sex."
Iritis,"Uveitis () is inflammation of the uvea, the pigmented layer of the eye between the inner retina and the outer fibrous layer composed of the sclera and cornea. The uvea consists of the middle layer of pigmented vascular structures of the eye and includes the iris, ciliary body, and choroid."
Iron Deficiency Anemia,No summary available.
Irritable bowel syndrome,"Irritable bowel syndrome (IBS) is a functional gastrointestinal disorder characterized by a group of symptoms that commonly include abdominal pain, abdominal bloating, and changes in the consistency of bowel movements. These symptoms may occur over a long time, sometimes for years."
Japanese Encephalitis,"Japanese encephalitis (JE) is an infection of the brain caused by the Japanese encephalitis virus (JEV). While most infections result in little or no symptoms, occasional inflammation of the brain occurs."
Jaundice,"Jaundice, also known as icterus, is a yellowish or greenish pigmentation of the skin and sclera due to high bilirubin levels. Jaundice in adults is typically a sign indicating the presence of underlying diseases involving abnormal heme metabolism, liver dysfunction, or biliary-tract obstruction."
Kala-azar/ Leishmaniasis,No summary available.
Kaposi’s Sarcoma,"Kaposi's sarcoma (KS) is a type of cancer that can form masses on the skin, in lymph nodes, in the mouth, or in other organs. The skin lesions are usually painless, purple and may be flat or raised."
Keratoconjunctivitis Sicca (Dry eye syndrome),No summary available.
Keratoconus,"Keratoconus (KC) is a disorder of the eye that results in progressive thinning and protrusion of the cornea. The protrusion of the cornea may result in blurry vision, double vision, nearsightedness, irregular astigmatism, and light sensitivity leading to poor quality-of-life."
Kuru,No summary available.
Laryngitis,"Laryngitis is inflammation of the larynx (voice box). Symptoms often include a hoarse voice and may include fever, cough, pain in the front of the neck, and trouble swallowing."
Lead poisoning,"Lead poisoning, also known as plumbism and saturnism, is a type of metal poisoning caused by lead in the body. Symptoms may include abdominal pain, constipation, headaches, irritability, memory problems, infertility, numbness and tingling in the hands and feet."
Legionellosis,"Legionnaires' disease is a form of atypical pneumonia caused by any species of Legionella bacteria, quite often Legionella pneumophila. Signs and symptoms include cough, shortness of breath, high fever, muscle pains, and headaches."
Leprosy,"Leprosy, also known as Hansen's disease (HD), is a long-term infection by the bacteria Mycobacterium leprae or Mycobacterium lepromatosis. Infection can lead to damage of the nerves, respiratory tract, skin, and eyes."
Leptospirosis,"Leptospirosis is a blood infection caused by the bacterium Leptospira that can infect humans, dogs, rodents and many other wild and domesticated animals. Signs and symptoms can range from none to mild (headaches, muscle pains, and fevers) to severe (bleeding in the lungs or meningitis)."
Leukemia,Leukemia (also spelled leukaemia; pronounced  loo-KEE-mee-ə) is a group of blood cancers that usually begin in the bone marrow and produce high numbers of abnormal blood cells. These blood cells are not fully developed and are called blasts or leukemia cells.
Lice,"Louse (pl.: lice) is the common name for any member of the clade Phthiraptera, which contains nearly 5,000 species of wingless parasitic insects. Phthiraptera has variously been recognized as an order, infraorder, or a parvorder, as a result of developments in phylogenetic research."
Lung cancer,"Lung cancer, also known as lung carcinoma, is a malignant tumor that begins in the lung. Lung cancer is caused by genetic damage to the DNA of cells in the airways, often caused by cigarette smoking or inhaling damaging chemicals."
Lupus erythematosus,"Lupus erythematosus is a collection of autoimmune diseases in which the human immune system becomes hyperactive and attacks healthy tissues. Symptoms of these diseases can affect many different body systems, including joints, skin, kidneys, blood cells, heart, and lungs."
Lyme disease,"Lyme disease, also known as Lyme borreliosis, is a tick-borne disease caused by species of Borrelia bacteria, transmitted by blood-feeding ticks in the genus Ixodes. The most common sign of infection is an expanding red rash, known as erythema migrans (EM), which appears at the site of the tick bite about a week afterwards."
Lymphoma,Lymphoma is a group of blood and lymph tumors that develop from lymphocytes (a type of white blood cell). The name typically refers to just the cancerous versions rather than all such tumours.
Mad cow disease,"Bovine spongiform encephalopathy (BSE), commonly known as mad cow disease, is an incurable and invariably fatal neurodegenerative disease of cattle. Symptoms include abnormal behavior, trouble walking, and weight loss."
Malaria,"Malaria is a mosquito-borne infectious disease that affects vertebrates and Anopheles mosquitoes. Human malaria causes symptoms that typically include fever, fatigue, vomiting, and headaches."
Marburg fever,"Marburg virus disease (MVD), formerly Marburg hemorrhagic fever (MHF) is a viral hemorrhagic fever in human and non-human primates caused by either of the two Marburgviruses: Marburg virus (MARV) and Ravn virus (RAVV). Its clinical symptoms are very similar to those of Ebola virus disease (EVD)."
Mastitis,"Mastitis is inflammation of the breast or udder, usually associated with breastfeeding. Symptoms typically include local pain and redness."
Measles,"Measles  (probably from Middle Dutch or Middle High German masel(e), meaning ""blemish, blood blister"") is a highly contagious, vaccine-preventable infectious disease caused by measles virus. Other names include morbilli, rubeola, 9-day measles, red measles, and English measles."
Melanoma,"Melanoma is the most dangerous type of skin cancer; it develops from the  melanin-producing cells known as melanocytes. It typically occurs in the skin, but may rarely occur in the mouth, intestines, or eye (uveal melanoma)."
Middle East respiratory syndrome coronavirus (MERS‐CoV),No summary available.
Migraine,"Migraine (UK: , US: ) is a complex neurological disorder characterized by episodes of moderate-to-severe headache, most often unilateral and generally associated with nausea, and light and sound sensitivity. Other characterizing symptoms may include vomiting, cognitive dysfunction, allodynia, and dizziness."
Mononucleosis,"Infectious mononucleosis (IM, mono), also known as glandular fever, is an infection usually caused by the Epstein–Barr virus (EBV). Most people are infected by the virus as children, when the disease produces few or no symptoms."
Mouth Breathing,No summary available.
Multiple myeloma,"Multiple myeloma (MM), also known as plasma cell myeloma and simply myeloma, is a cancer of plasma cells, a type of white blood cell that normally produces antibodies. Often, no symptoms are noticed initially."
Multiple sclerosis,"Multiple sclerosis (MS) is an autoimmune disease resulting in damage to myelin – the insulating covers of nerve cells – in the brain and spinal cord. As a demyelinating disease, MS disrupts the nervous system's ability to transmit signals, resulting in a range of signs and symptoms, including physical, mental, and sometimes psychiatric problems."
Mumps,"Mumps is a highly contagious viral disease caused by the mumps virus. Initial symptoms of mumps are non-specific and include fever, headache, malaise, muscle pain, and loss of appetite."
Muscular dystrophy,"Muscular dystrophies (MD) are a genetically and clinically heterogeneous group of rare neuromuscular diseases that cause progressive weakness and breakdown of skeletal muscles over time. The disorders differ as to which muscles are primarily affected, the degree of weakness, how fast they worsen, and when symptoms begin."
Myasthenia gravis,"Myasthenia gravis (MG) is a long-term neuromuscular junction disease that leads to varying degrees of skeletal muscle weakness. The most commonly affected muscles are those of the eyes, face, and swallowing."
Myelitis,"Myelitis is inflammation of the spinal cord which can disrupt the normal responses from the brain to the rest of the body, and from the rest of the body to the brain. Inflammation in the spinal cord can cause the myelin and axon to be damaged resulting in symptoms such as paralysis and sensory loss."
Myocardial Infarction (Heart Attack),No summary available.
Myopia,"Myopia, also known as near-sightedness and short-sightedness, is an eye disease where light from distant objects focuses in front of, instead of on, the retina. As a result, distant objects appear blurry, while close objects appear normal."
Narcolepsy,"Narcolepsy is a chronic neurological disorder that impairs the ability to regulate sleep–wake cycles, and specifically impacts REM (rapid eye movement) sleep. The pentad symptoms of narcolepsy include excessive daytime sleepiness (EDS), sleep-related hallucinations, sleep paralysis, disturbed nocturnal sleep (DNS), and cataplexy."
Nasal Polyps,No summary available.
Nausea and Vomiting of Pregnancy and  Hyperemesis gravidarum,No summary available.
Necrotizing Fasciitis,"Necrotizing fasciitis (NF), also known as flesh-eating disease, is an infection that kills the body's soft tissue. It is a serious disease that begins and spreads quickly."
Neonatal Respiratory Disease Syndrome(NRDS),No summary available.
Neoplasm,A neoplasm () is a type of abnormal and excessive growth of tissue. The process that occurs to form or produce a neoplasm is called neoplasia.
Neuralgia,"Neuralgia (Greek neuron, ""nerve"" + algos, ""pain"") is pain in the distribution of a nerve or nerves, as in intercostal neuralgia, trigeminal neuralgia, and glossopharyngeal neuralgia.


== Classification ==
Under the general heading of neuralgia are trigeminal neuralgia (TN), atypical trigeminal neuralgia (ATN), occipital neuralgia, glossopharyngeal neuralgia and postherpetic neuralgia (caused by shingles or herpes)."
Nipah virus infection,"Nipah virus infection is an infection caused by the Nipah virus. Symptoms from infection vary from none to fever, cough, headache, shortness of breath, and confusion."
Obesity,"Obesity is a medical condition, considered by multiple organizations to be a disease, in which excess body fat has accumulated to such an extent that it can potentially have negative effects on health. People are classified as obese when their body mass index (BMI)—a person's weight divided by the square of the person's height—is over 30 kg/m2; the range 25–30 kg/m2 is defined as overweight."
Obsessive Compulsive Disorder,"Obsessive–compulsive disorder (OCD) is a mental and behavioral disorder in which an individual has intrusive thoughts (an obsession) and feels the need to perform certain routines (compulsions) repeatedly to relieve the distress caused by the obsession, to the extent where it impairs general function.
Obsessions are persistent unwanted thoughts, mental images or urges that generate feelings of anxiety, disgust or discomfort."
Oral Cancer,"Oral cancer, also known as oral cavity cancer, tongue cancer or mouth cancer, is a cancer of the lining of the lips, mouth, or upper throat. In the mouth, it most commonly starts as a painless red or white patch, that thickens, gets ulcerated and continues to grow."
Orbital Dermoid,No summary available.
Osteoarthritis,"Osteoarthritis (OA) is a type of degenerative joint disease that results from breakdown of joint cartilage and underlying bone. It is believed to be the fourth leading cause of disability in the world, affecting 1 in 7 adults in the United States alone."
Osteomyelitis,"Osteomyelitis (OM) is the infectious inflammation of bone marrow. Symptoms may include pain in a specific bone with overlying redness, fever, and weakness."
Osteoporosis,"Osteoporosis is a systemic skeletal disorder characterized by low bone mass, micro-architectural deterioration of bone tissue leading to more porous bone, and consequent increase in fracture risk.
It is the most common reason for a broken bone among the elderly."
Paratyphoid fever,"Paratyphoid fever, also known simply as paratyphoid, is a bacterial infection caused by one of three types of Salmonella enterica. Symptoms usually begin 6–30 days after exposure and are the same as those of typhoid fever."
Parkinson's Disease,"Parkinson's disease (PD), or simply Parkinson's, is a neurodegenerative disease primarily of the central nervous system, affecting both motor and non-motor systems. Symptoms typically develop gradually, with non-motor issues becoming more prevalent as the disease progresses."
Pelvic inflammatory disease,"Pelvic inflammatory disease (PID), also known as pelvic inflammatory disorder, is an infection of the upper part of the female reproductive system, mainly the uterus, fallopian tubes, and ovaries, and inside of the pelvis. Often, there may be no symptoms."
Perennial Allergic Conjunctivitis,No summary available.
Pericarditis,"Pericarditis (PER-i-kar-DYE-tis) is inflammation of the pericardium, the fibrous sac surrounding the heart. Symptoms typically include sudden onset of sharp chest pain, which may also be felt in the shoulders, neck, or back."
Peritonitis,"Peritonitis is inflammation of the localized or generalized peritoneum, the lining of the inner wall of the abdomen and covering of the abdominal organs. Symptoms may include severe pain, swelling of the abdomen, fever, or weight loss."
Pinguecula,A pinguecula is a common type of conjunctival stromal degeneration in the eye. It appears as an elevated yellow-white plaque in the bulbar conjunctiva near the limbus.
Pneumonia,"Pneumonia is an inflammatory condition of the lung primarily affecting the small air sacs known as alveoli. Symptoms typically include some combination of productive or dry cough, chest pain, fever, and difficulty breathing."
Poliomyelitis,"Poliomyelitis ( POH-lee-oh-MY-ə-LY-tiss), commonly shortened to polio, is an infectious disease caused by the poliovirus. Approximately 75% of cases are asymptomatic; mild symptoms which can occur include sore throat and fever; in a proportion of cases more severe symptoms develop such as headache, neck stiffness, and paresthesia."
Polycystic ovary syndrome (PCOS),No summary available.
Porphyria,"Porphyria ( or ) is a group of disorders in which substances called porphyrins build up in the body, adversely affecting the skin or nervous system. The types that affect the nervous system are also known as acute porphyria, as symptoms are rapid in onset and short in duration."
Post Menopausal Bleeding,No summary available.
Post-herpetic neuralgia,"Postherpetic neuralgia (PHN) is neuropathic pain that occurs due to damage to a peripheral nerve caused by the reactivation of the varicella zoster virus (herpes zoster, also known as shingles). PHN is defined as pain in a dermatomal distribution that lasts for at least 90 days after an outbreak of herpes zoster."
Postpartum depression/ Perinatal depression,No summary available.
Preeclampsia,"Pre-eclampsia is a multi-system disorder specific to pregnancy, characterized by the new onset of high blood pressure and often a significant amount of protein in the urine or by the new onset of high blood pressure along with significant end-organ damage, with or without the proteinuria. When it arises, the condition begins after 20 weeks of pregnancy."
Premenstrual syndrome,Premenstrual syndrome (PMS) is a disruptive set of emotional and physical symptoms that regularly occur in the one to two weeks before the start of each menstrual period. Symptoms resolve around the time menstrual bleeding begins.
Presbyopia,"Presbyopia is a physiological insufficiency of optical accommodation associated with the aging of the eye; it results in progressively worsening ability to focus clearly on close objects. Also known as age-related farsightedness (or as age-related long sight in the UK), it affects many adults over the age of 40."
Preterm birth,"Preterm birth, also known as premature birth, is the birth of a baby at fewer than 37 weeks gestational age, as opposed to full-term delivery at approximately 40 weeks. Extreme preterm is less than 28 weeks, very early preterm birth is between 28 and 32 weeks, early preterm birth occurs between 32 and 34 weeks, late preterm birth is between 34 and 36 weeks' gestation."
Progeria,"Progeria is a specific type of progeroid syndrome, also known as Hutchinson–Gilford syndrome or Hutchinson–Gilford progeroid syndrome (HGPS). A single gene mutation is responsible for causing progeria."
Psoriasis,"Psoriasis is a long-lasting, noncontagious autoimmune disease characterized by patches of abnormal skin. These areas are red, pink, or purple, dry, itchy, and scaly."
Puerperal sepsis,"Postpartum infections, also known as childbed fever and puerperal fever, are any bacterial infections of the female reproductive tract following childbirth or miscarriage. Signs and symptoms usually include a fever greater than 38.0 °C (100.4 °F), chills, lower abdominal pain, and possibly bad-smelling vaginal discharge."
Pulmonary embolism,"Pulmonary embolism (PE) is a blockage of an artery in the lungs by a substance that has moved from elsewhere in the body through the bloodstream (embolism). Symptoms of a PE may include shortness of breath, chest pain particularly upon breathing in, and coughing up blood."
Ques fever,No summary available.
Quinsy,No summary available.
Rabies,"Rabies is a viral disease that causes encephalitis in humans and other mammals. It was historically referred to as hydrophobia (""fear of water"") because its victims panic when offered liquids to drink."
Raynaud's Phenomenon,"Raynaud syndrome, also known as Raynaud's phenomenon, is a medical condition in which the spasm of small arteries causes episodes of reduced blood flow to end arterioles. Typically the fingers, and, less commonly, the toes, are involved."
Repetitive strain injury,"A repetitive strain injury (RSI) is an injury to part of the musculoskeletal or nervous system caused by repetitive use, vibrations, compression or long periods in a fixed position. Other common names include repetitive stress injury, repetitive stress disorders, cumulative trauma disorders (CTDs), and overuse syndrome."
Rheumatic fever,"Rheumatic fever (RF) is an inflammatory disease that can involve the heart, joints, skin, and brain. The disease typically develops two to four weeks after a streptococcal throat infection."
Rheumatism,"Rheumatism  or rheumatic disorders are conditions causing chronic, often intermittent pain affecting the joints or connective tissue. Rheumatism does not designate any specific disorder, but covers at least 200 different conditions, including arthritis and  ""non-articular rheumatism"", also known as ""regional pain syndrome"" or ""soft tissue rheumatism""."
Rickets,"Rickets, scientific nomenclature: rachitis (from Greek ῥαχίτης rhakhítēs, meaning 'in or of the spine'), is a condition that results in weak or soft bones in children and may have either dietary deficiency or genetic causes. Symptoms include bowed legs, stunted growth, bone pain, large forehead, and trouble sleeping."
Rift Valley fever,"Rift Valley fever (RVF) is a viral disease of humans and livestock that can cause mild to severe symptoms. The mild symptoms may include: fever, muscle pains, and headaches which often last for up to a week."
Rocky Mountain spotted fever,"Rocky Mountain spotted fever (RMSF) is a bacterial disease spread by ticks. It typically begins with a fever and headache, which is followed a few days later with the development of a rash."
Rubella,"Rubella, also known as German measles or three-day measles, is an infection caused by the rubella virus. This disease is often mild, with half of people not realizing that they are infected."
SARS,"Severe acute respiratory syndrome (SARS) is a viral respiratory disease of zoonotic origin caused by the virus SARS-CoV-1, the first identified strain of the SARS-related coronavirus. The first known cases occurred in November 2002, and the syndrome caused the 2002–2004 SARS outbreak."
SIDS,"Sudden infant death syndrome (SIDS), sometimes known as cot death or crib death, is the sudden unexplained death of a child of less than one year of age. Diagnosis requires that the death remain unexplained even after a thorough autopsy and detailed death scene investigation."
Sarcoidosis,"Sarcoidosis (; also known as Besnier–Boeck–Schaumann disease) is a disease involving abnormal collections of inflammatory cells that form lumps known as granulomata. The disease usually begins in the lungs, skin, or lymph nodes."
Sarcoma,"A sarcoma is a rare type of cancer that arises from cells of mesenchymal origin. Originating from mesenchymal cells means that sarcomas are cancers of connective tissues such as bone, cartilage, muscle, fat, or vascular tissues."
Scabies,"Scabies (; also sometimes known as the seven-year itch) is a contagious human skin infestation by the tiny (0.2–0.45 mm) mite Sarcoptes scabiei, variety hominis. The word is from Latin: scabere, lit. 'to scratch'."
Scarlet fever,"Scarlet fever, also known as scarlatina, is an infectious disease caused by Streptococcus pyogenes, a Group A streptococcus (GAS). It most commonly affects children between five and 15 years of age."
Schizophrenia,"Schizophrenia is a mental disorder characterized variously by hallucinations (typically, hearing voices), delusions, disorganized thinking and behavior, and flat or inappropriate affect. Symptoms develop gradually and typically begin during young adulthood and are never resolved."
Sciatica,"Sciatica is pain going down the leg from the lower back. This pain may go down the back, outside, or front of the leg."
Scrapie,"Scrapie () is a fatal, degenerative disease affecting the nervous systems of sheep and goats. It is one of several transmissible spongiform encephalopathies (TSEs), and as such it is thought to be caused by a prion."
Scrub Typhus,No summary available.
Scurvy,"Scurvy is a deficiency disease (state of malnutrition) resulting from a lack of vitamin C (ascorbic acid). Early symptoms of deficiency include weakness, fatigue, and sore arms and legs."
Sepsis,"Sepsis is a potentially life-threatening condition that arises when the body's response to infection causes injury to its own tissues and organs.
This initial stage of sepsis is followed by suppression of the immune system."
Sexually transmitted infections (STIs),No summary available.
Shaken Baby Syndrome,"Shaken baby syndrome (SBS), also known as abusive head trauma (AHT), is a controversial and scientifically disputed medical condition in children younger than five years old, hypothesized to be caused by blunt trauma, vigorous shaking, or a combination of both.
According to literature, the condition is caused by violent shaking with or without blunt impact that can lead to long-term health consequences for infants or children."
Shigellosis,"Shigellosis, known historically as dysentery, is an infection of the intestines caused by Shigella bacteria. Symptoms generally start one to two days after exposure and include diarrhea, fever, abdominal pain, and feeling the need to pass stools even when the bowels are empty."
Shin splints,"A shin splint, also known as medial tibial stress syndrome, is pain along the inside edge of the shinbone (tibia) due to inflammation of tissue in the area. Generally this is between the middle of the lower leg and the ankle."
Shingles,"Shingles, also known as herpes zoster or zona, is a viral disease characterized by a painful skin rash with blisters in a localized area. Typically the rash occurs in a single, wide mark either on the left or right side of the body or face."
Sickle-cell anemia,"Sickle cell disease (SCD), also simply called sickle cell, is a group of hemoglobin-related blood disorders that are typically inherited. The most common type is known as sickle cell anemia."
Smallpox,"Smallpox was an infectious disease caused by Variola virus (often called Smallpox virus),  which belongs to the genus Orthopoxvirus. The last naturally occurring case was diagnosed in October 1977, and the World Health Organization (WHO) certified the global eradication of the disease in 1980, making smallpox the only human disease to have been eradicated to date."
Stevens-Johnson syndrome,"Stevens–Johnson syndrome (SJS) is a type of severe skin reaction. Together with toxic epidermal necrolysis (TEN) and Stevens–Johnson/toxic epidermal necrolysis (SJS/TEN) overlap, they are considered febrile mucocutaneous drug reactions and probably part of the same spectrum of disease, with SJS being less severe."
Stomach ulcers,"Peptic ulcer disease is when the inner part of the stomach's gastric mucosa (lining of the stomach), the first part of the small intestine, or sometimes the lower esophagus, gets damaged. An ulcer in the stomach is called a gastric ulcer, while one in the first part of the intestines is a duodenal ulcer."
Strep throat,"Streptococcal pharyngitis, also known as streptococcal sore  throat (strep throat), is pharyngitis (an infection of the pharynx, the back of the throat) caused by Streptococcus pyogenes, a gram-positive, group A streptococcus. Common symptoms include fever, sore throat, red tonsils, and enlarged lymph nodes in the front of the neck."
Stroke,"Stroke is a medical condition in which poor blood flow to a part of the brain causes cell death. There are two main types of stroke: ischemic, due to lack of blood flow, and hemorrhagic, due to bleeding."
Sub-conjunctival Haemorrhage,No summary available.
Syphilis,"Syphilis () is a sexually transmitted infection caused by the bacterium Treponema pallidum subspecies pallidum. The signs and symptoms depend on the stage it presents: primary, secondary, latent or tertiary."
Taeniasis,Taeniasis is an infection within the intestines by adult tapeworms belonging to the genus Taenia. There are generally no or only mild symptoms.
Taeniasis/cysticercosis,No summary available.
Tay-Sachs disease,"Tay–Sachs disease is an inherited lysosomal storage disease that results in the destruction of nerve cells in the brain and spinal cord. The most common form is infantile Tay–Sachs disease, which becomes apparent around the age of three to six months of age, with the infant losing the ability to turn over, sit, or crawl."
Tennis elbow,"Tennis elbow, also known as lateral epicondylitis is an enthesopathy (attachment point disease) of the origin of the extensor carpi radialis brevis on the lateral epicondyle.  It causes pain and tenderness over the bony part of the lateral epicondyle."
Tetanus,"Tetanus (from Ancient Greek  τέτανος 'tension, stretched, rigid'), also known as lockjaw, is a bacterial infection caused by Clostridium tetani and characterized by muscle spasms. In the most common type, the spasms begin in the jaw and then progress to the rest of the body."
Thalassaemia,"Thalassemias are a group of inherited blood disorders that manifest as the production of reduced hemoglobin. Symptoms depend on the type of thalassemia and can vary from none to severe, including death."
Tinnitus,"Tinnitus is a condition when a person hears a ringing sound or a different variety of sound when no corresponding external sound is present and other people cannot hear it. Nearly everyone experiences faint ""normal tinnitus"" in a completely quiet room; but this is of concern only if it is bothersome, interferes with normal hearing, or is associated with other problems."
Tonsillitis,Tonsillitis is inflammation of the tonsils in the upper part of the throat. It can be acute or chronic.
Toxic shock syndrome,"Toxic shock syndrome (TSS) is a condition caused by bacterial toxins. Symptoms may include fever, rash, skin peeling, and low blood pressure."
Trachoma,Trachoma is an infectious disease caused by bacterium Chlamydia trachomatis. The infection causes a roughening of the inner surface of the eyelids.
Trichinosis,"Trichinosis, also known as trichinellosis, is a parasitic disease caused by roundworms of the Trichinella genus. During the initial infection, invasion of the intestines can result in diarrhea, abdominal pain, and vomiting."
Trichomoniasis,Trichomoniasis (trich) is an infectious disease caused by the parasite Trichomonas vaginalis. About 70% of affected people do not have symptoms when infected.
Tuberculosis,"Tuberculosis (TB), also known colloquially as the ""white death"", or historically as consumption, is a contagious disease usually caused by Mycobacterium tuberculosis (MTB) bacteria. Tuberculosis generally affects the lungs, but it can also affect other parts of the body."
Tularemia,"Tularemia, also known as rabbit fever, is an infectious disease caused by the bacterium Francisella tularensis. Symptoms may include fever, skin ulcers, and enlarged lymph nodes."
Turners Syndrome,"Turner syndrome (TS), commonly known as 45,X, or 45,X0, is a chromosomal disorder in which female cells have only one X chromosome instead of two, or are partially missing an X chromosome (sex chromosome monosomy) leading to the complete or partial deletion of the pseudoautosomal regions (PAR1, PAR2) in the affected X chromosome. Typically, people have two sex chromosomes (XX for females or XY for males)."
Urticaria,"Hives, also known as urticaria, is a kind of skin rash with red and/or flesh-colored, raised, itchy bumps. Hives may burn or sting."
Varicose Veins,"Varicose veins, also known as varicoses, are a medical condition in which superficial veins become enlarged and twisted. Although usually just a cosmetic ailment, in some cases they cause fatigue, pain, itching, and nighttime leg cramps."
Vasovagal syncope,"Reflex syncope is a brief loss of consciousness due to a neurologically induced drop in blood pressure and/or a  decrease  in  heart  rate. Before an affected person passes out, there may be sweating, a decreased ability to see, or ringing in the ears."
Vitamin B12 Deficiency,"Vitamin B12 deficiency, also known as cobalamin deficiency, is the medical condition in which the blood and tissue have a lower than normal level of vitamin B12. Symptoms can vary from none to severe."
Vitiligo,"Vitiligo (, vi-ti-leye-goh) is a chronic autoimmune disorder that causes patches of skin to lose pigment or color. The cause of vitiligo is unknown, but it may be related to immune system changes, genetic factors, stress, or sun exposure."
Warkany syndrome,No summary available.
Warts,"Warts are non-cancerous viral growths usually occurring on the hands and feet but which can also affect other locations, such as the genitals or face. One or many warts may appear."
Yaws,"Yaws is a tropical infection of the skin, bones, and joints caused by the spirochete bacterium Treponema pallidum pertenue. The disease begins with a round, hard swelling of the skin, 2 to 5 cm (0.79 to 1.97 in) in diameter."
Yellow Fever,"Yellow fever is a viral disease of typically short duration. In most cases, symptoms include fever, chills, loss of appetite, nausea, muscle pains—particularly in the back—and headaches."
Zika virus disease,"Zika fever, also known as Zika virus disease or simply Zika, is an infectious disease caused by the Zika virus. Most cases have no symptoms, but when present they are usually mild and can resemble dengue fever."
lactose intolerance,"Lactose intolerance is caused by a lessened ability or a complete inability to digest lactose, a sugar found in dairy products. Humans vary in the amount of lactose they can tolerate before symptoms develop."
papilloedema,Papilledema or papilloedema is optic disc swelling that is caused by increased intracranial pressure due to any cause. The swelling is usually bilateral and can occur over a period of hours to weeks.
